Original;;;;;What skills are needed, according to your opinion, to reach the SDG?;Some description to give more context
Afrikaans;af;;;;;
Albanian;sq;;;;;
Amharic;am;;;;;
Arabic;ar;;;;;
Armenian;hy;;;;;
Assamese;as;;;;;
Aymara;ay;;;;;
Azerbaijani;az;;;;;
Bambara;bm;;;;;
Basque;eu;;;;;
Belarusian;be;;;;;
Bengali;bn;;;;;
Bhojpuri;bho;;;;;
Bosnian;bs;;;;;
Bulgarian;bg;BG;Bulgarian;FALSE;Какви умения са необходими, според вас, за постигане на ЦУР?;Няколко описания за повече контекст
Catalan;ca;;;;;
Cebuano;ceb;;;;;
Chinese (Simplified);zh;ZH;Chinese (simplified);FALSE;在您看来，要实现可持续发展目标，需要哪些技能？;一些描述以提供更多的背景
Chinese (Traditional);zh-TW;;;;;
Corsican;co;;;;;
Croatian;hr;;;;;
Czech;cs;CS;Czech;FALSE;Jaké dovednosti jsou podle vás potřebné k dosažení cílů udržitelného rozvoje?;Nějaký popis, abyste získali více souvislostí
Danish;da;DA;Danish;FALSE;Hvilke kompetencer er der efter din mening brug for for at nå SDG'erne?;En beskrivelse for at give en bedre sammenhæng
Dhivehi;dv;;;;;
Dogri;doi;;;;;
Dutch;nl;NL;Dutch;TRUE;Welke vaardigheden zijn volgens u nodig om de SDG te bereiken?;Een beschrijving om meer context te geven
Esperanto;eo;;;;;
Estonian;et;ET;Estonian;FALSE;Milliseid oskusi on teie arvates vaja säästva arengu eesmärkide saavutamiseks?;Mõningane kirjeldus, et anda rohkem konteksti
Ewe;ee;;;;;
Filipino (Tagalog);fil;;;;;
Finnish;fi;FI;Finnish;FALSE;Mitä taitoja tarvitaan mielestäsi SDG:n saavuttamiseksi?;Joitakin kuvauksia asiayhteyden lisäämiseksi
French;fr;FR;French;TRUE;Quelles sont les compétences nécessaires, selon vous, pour atteindre les ODD ?;Quelques descriptions pour situer le contexte
Frisian;fy;;;;;
Galician;gl;;;;;
Georgian;ka;;;;;
German;de;DE;German;TRUE;Welche Fähigkeiten werden Ihrer Meinung nach benötigt, um die SDGs zu erreichen?;Einige Beschreibungen für einen besseren Kontext
Greek;el;EL;Greek;FALSE;"Ποιες δεξιότητες απαιτούνται, κατά τη γνώμη σας, για την επίτευξη των ΣΒΑ;";Κάποια περιγραφή για να δώσετε περισσότερο πλαίσιο
Guarani;gn;;;;;
Gujarati;gu;;;;;
Haitian Creole;ht;;;;;
Hausa;ha;;;;;
Hawaiian;haw;;;;;
Hebrew;he ;;;;;
Hindi;hi;;;;;
Hmong;hmn;;;;;
Hungarian;hu;HU;Hungarian;FALSE;Ön szerint milyen készségekre van szükség a fenntartható fejlődési célok eléréséhez?;Néhány leírás a kontextus bővítése érdekében
Icelandic;is;;;;;
Igbo;ig;;;;;
Ilocano;ilo;;;;;
Indonesian;id;ID;Indonesian;FALSE;Menurut Anda, keterampilan apa yang dibutuhkan untuk mencapai SDG?;Beberapa deskripsi untuk memberikan lebih banyak konteks
Irish;ga;;;;;
Italian;it;IT;Italian;TRUE;Quali competenze sono necessarie, secondo lei, per raggiungere gli SDG?;Alcune descrizioni per fornire un contesto più ampio
Japanese;ja;JA;Japenese;FALSE;SDGsを達成するために、あなたの意見では、どのようなスキルが必要ですか？;より多くの文脈を与えるためのいくつかの説明
Javanese;jv;;;;;
Kannada;kn;;;;;
Kazakh;kk;;;;;
Khmer;km;;;;;
Kinyarwanda;rw;;;;;
Konkani;gom;;;;;
Korean;ko;KO;Korean;FALSE;SDG를 달성하기 위해 어떤 기술이 필요하다고 생각하시나요?;더 많은 컨텍스트를 제공하기 위한 몇 가지 설명
Krio;kri;;;;;
Kurdish;ku;;;;;
Kurdish (Sorani);ckb;;;;;
Kyrgyz;ky;;;;;
Lao;lo;;;;;
Latin;la;;;;;
Latvian;lv;LV;Latvian;FALSE;Kādas prasmes, jūsuprāt, ir nepieciešamas, lai sasniegtu ilgtspējīgas attīstības mērķi?;Daži apraksti, lai sniegtu plašāku kontekstu
Lingala;ln;;;;;
Lithuanian;lt;LT;Lithuanian;FALSE;Kokių įgūdžių, jūsų nuomone, reikia, kad būtų pasiektas DVT?;Keletas aprašymų, suteikiančių daugiau konteksto
Luganda;lg;;;;;
Luxembourgish;lb;;;;;
Macedonian;mk;;;;;
Maithili;mai;;;;;
Malagasy;mg;;;;;
Malay;ms;;;;;
Malayalam;ml;;;;;
Maltese;mt;;;;;
Maori;mi;;;;;
Marathi;mr;;;;;
Meiteilon (Manipuri);mni-Mtei;;;;;
Mizo;lus;;;;;
Mongolian;mn;;;;;
Myanmar (Burmese);my;;;;;
Nepali;ne;;;;;
Norwegian;no;NB;Norwegian (Bokmål);FALSE;Hvilke ferdigheter mener du er nødvendige for å nå bærekraftsmålene?;Noen beskrivelser for å gi mer kontekst
Nyanja (Chichewa);ny;;;;;
Odia (Oriya);or;;;;;
Oromo;om;;;;;
Pashto;ps;;;;;
Persian;fa;;;;;
Polish;pl;PL;Polish;TRUE;Jakie umiejętności są potrzebne, Twoim zdaniem, do osiągnięcia SDG?;Kilka opisów, aby nadać więcej kontekstu
;;PT-BR;Portuguese (Brazilian);TRUE;Quais habilidades são necessárias, em sua opinião, para alcançar os ODS?;Algumas descrições para dar mais contexto
Portuguese (Portugal, Brazil);pt;PT-PT;Portuguese (European);TRUE;Que competências são necessárias, na sua opinião, para atingir os ODS?;Algumas descrições para dar mais contexto
Punjabi;pa;;;;;
Quechua;qu;;;;;
Romanian;ro;RO;Romanian;FALSE;Ce competențe sunt necesare, în opinia dumneavoastră, pentru a atinge ODD?;Câteva descrieri pentru a oferi mai mult context
Russian;ru;RU;Russian;TRUE;Какие навыки необходимы, по вашему мнению, для достижения ЦУР?;Некоторые описания, чтобы дать больше контекста
Samoan;sm;;;;;
Sanskrit;sa;;;;;
Scots Gaelic;gd;;;;;
Sepedi;nso;;;;;
Serbian;sr;;;;;
Sesotho;st;;;;;
Shona;sn;;;;;
Sindhi;sd;;;;;
Sinhala (Sinhalese);si;;;;;
Slovak;sk;SK;Slovak;FALSE;Aké zručnosti sú podľa vás potrebné na dosiahnutie SDG?;Niekoľko opisov na doplnenie kontextu
Slovenian;sl;;;;;
Somali;so;;;;;
Spanish;es;ES;Spanish;TRUE;¿Qué competencias son necesarias, en su opinión, para alcanzar los ODS?;Algunas descripciones para dar más contexto
Sundanese;su;;;;;
Swahili;sw;;;;;
Swedish;sv;SV;Swedish;FALSE;Vilka färdigheter behövs enligt din åsikt för att uppnå målen för hållbar utveckling?;Några beskrivningar för att ge ett bättre sammanhang
Tagalog (Filipino);tl;;;;;
Tajik;tg;;;;;
Tamil;ta;;;;;
Tatar;tt;;;;;
Telugu;te;;;;;
Thai;th;;;;;
Tigrinya;ti;;;;;
Tsonga;ts;;;;;
Turkish;tr;TR;Turkish;FALSE;Sizce SKH'ye ulaşmak için hangi becerilere ihtiyaç var?;Daha fazla bağlam sağlamak için bazı açıklamalar
Turkmen;tk;;;;;
Twi (Akan);ak;;;;;
Ukrainian;uk;UK;Ukrainian;FALSE;Які навички, на вашу думку, необхідні для досягнення ЦСР?;Деякий опис, щоб надати більше контексту
Urdu;ur;;;;;
Uyghur;ug;;;;;
Uzbek;uz;;;;;
Vietnamese;vi;;;;;
Welsh;cy;;;;;
Xhosa;xh;;;;;
Yiddish;yi;;;;;
Yoruba;yo;;;;;
Zulu;zu;;;;;
